model,cv_macro_f1_mean,cv_macro_f1_std,test_accuracy,test_macro_f1
LogisticRegression,0.9818558627749405,0.004272432939988217,0.994,0.9940260947371126
LinearSVM,0.9894190485282728,0.003975564755806611,0.995,0.9951368524458507
